No,URL
1,https://w.atwiki.jp/altair1/pages/71.html
2,https://w.atwiki.jp/altair1/pages/72.html
3,https://w.atwiki.jp/altair1/pages/73.html
4,https://w.atwiki.jp/altair1/pages/74.html
5,https://w.atwiki.jp/altair1/pages/75.html
6,https://w.atwiki.jp/altair1/pages/76.html
7,https://w.atwiki.jp/altair1/pages/165.html
8,https://w.atwiki.jp/altair1/pages/166.html
9,https://w.atwiki.jp/altair1/pages/167.html
10,https://w.atwiki.jp/altair1/pages/168.html
11,https://w.atwiki.jp/altair1/pages/169.html
12,https://w.atwiki.jp/altair1/pages/170.html
13,https://w.atwiki.jp/altair1/pages/171.html
14,https://w.atwiki.jp/altair1/pages/201.html
15,https://w.atwiki.jp/altair1/pages/202.html
16,https://w.atwiki.jp/altair1/pages/203.html
17,https://w.atwiki.jp/altair1/pages/204.html
18,https://w.atwiki.jp/altair1/pages/205.html
19,https://w.atwiki.jp/altair1/pages/206.html
20,https://w.atwiki.jp/altair1/pages/207.html
21,https://w.atwiki.jp/altair1/pages/208.html
22,https://w.atwiki.jp/altair1/pages/209.html
23,https://w.atwiki.jp/altair1/pages/210.html
24,https://w.atwiki.jp/altair1/pages/211.html
25,https://w.atwiki.jp/altair1/pages/212.html
26,https://w.atwiki.jp/altair1/pages/214.html
27,https://w.atwiki.jp/altair1/pages/213.html
28,https://w.atwiki.jp/altair1/pages/215.html
29,https://w.atwiki.jp/altair1/pages/216.html
30,https://w.atwiki.jp/altair1/pages/217.html
31,https://w.atwiki.jp/altair1/pages/218.html
32,https://w.atwiki.jp/altair1/pages/219.html
33,https://w.atwiki.jp/altair1/pages/220.html
34,https://w.atwiki.jp/altair1/pages/221.html
35,https://w.atwiki.jp/altair1/pages/222.html
36,https://w.atwiki.jp/altair1/pages/223.html
37,https://w.atwiki.jp/altair1/pages/224.html
38,https://w.atwiki.jp/altair1/pages/225.html
39,https://w.atwiki.jp/altair1/pages/226.html
40,https://w.atwiki.jp/altair1/pages/227.html
41,https://w.atwiki.jp/altair1/pages/228.html
42,https://w.atwiki.jp/altair1/pages/229.html
43,https://w.atwiki.jp/altair1/pages/230.html
44,https://w.atwiki.jp/altair1/pages/232.html
45,https://w.atwiki.jp/altair1/pages/231.html
46,https://w.atwiki.jp/altair1/pages/233.html
47,https://w.atwiki.jp/altair1/pages/234.html
48,https://w.atwiki.jp/altair1/pages/235.html
49,https://w.atwiki.jp/altair1/pages/236.html
50,https://w.atwiki.jp/altair1/pages/237.html
51,https://w.atwiki.jp/altair1/pages/77.html
52,https://w.atwiki.jp/altair1/pages/238.html
53,https://w.atwiki.jp/altair1/pages/239.html
54,https://w.atwiki.jp/altair1/pages/240.html
55,https://w.atwiki.jp/altair1/pages/241.html
56,https://w.atwiki.jp/altair1/pages/242.html
57,https://w.atwiki.jp/altair1/pages/243.html
58,https://w.atwiki.jp/altair1/pages/244.html
59,https://w.atwiki.jp/altair1/pages/245.html
60,https://w.atwiki.jp/altair1/pages/246.html
61,https://w.atwiki.jp/altair1/pages/247.html
62,https://w.atwiki.jp/altair1/pages/248.html
63,https://w.atwiki.jp/altair1/pages/249.html
64,https://w.atwiki.jp/altair1/pages/250.html
65,https://w.atwiki.jp/altair1/pages/251.html
66,https://w.atwiki.jp/altair1/pages/252.html
67,https://w.atwiki.jp/altair1/pages/253.html
68,https://w.atwiki.jp/altair1/pages/254.html
69,https://w.atwiki.jp/altair1/pages/255.html
70,https://w.atwiki.jp/altair1/pages/256.html
71,https://w.atwiki.jp/altair1/pages/257.html
72,https://w.atwiki.jp/altair1/pages/258.html
73,https://w.atwiki.jp/altair1/pages/259.html
74,https://w.atwiki.jp/altair1/pages/260.html
75,https://w.atwiki.jp/altair1/pages/261.html
76,https://w.atwiki.jp/altair1/pages/262.html
77,https://w.atwiki.jp/altair1/pages/263.html
78,https://w.atwiki.jp/altair1/pages/264.html
79,https://w.atwiki.jp/altair1/pages/265.html
80,https://w.atwiki.jp/altair1/pages/266.html
81,https://w.atwiki.jp/altair1/pages/267.html
82,https://w.atwiki.jp/altair1/pages/268.html
83,https://w.atwiki.jp/altair1/pages/269.html
84,https://w.atwiki.jp/altair1/pages/270.html
85,https://w.atwiki.jp/altair1/pages/271.html
86,https://w.atwiki.jp/altair1/pages/272.html
87,https://w.atwiki.jp/altair1/pages/273.html
88,https://w.atwiki.jp/altair1/pages/274.html
89,https://w.atwiki.jp/altair1/pages/275.html
90,https://w.atwiki.jp/altair1/pages/276.html
91,https://w.atwiki.jp/altair1/pages/277.html
92,https://w.atwiki.jp/altair1/pages/278.html
93,https://w.atwiki.jp/altair1/pages/279.html
94,https://w.atwiki.jp/altair1/pages/280.html
95,https://w.atwiki.jp/altair1/pages/281.html
96,https://w.atwiki.jp/altair1/pages/282.html
97,https://w.atwiki.jp/altair1/pages/283.html
98,https://w.atwiki.jp/altair1/pages/284.html
99,https://w.atwiki.jp/altair1/pages/285.html
100,https://w.atwiki.jp/altair1/pages/286.html
101,https://w.atwiki.jp/altair1/pages/287.html
102,https://w.atwiki.jp/altair1/pages/288.html
103,https://w.atwiki.jp/altair1/pages/289.html
104,https://w.atwiki.jp/altair1/pages/290.html
105,https://w.atwiki.jp/altair1/pages/291.html
106,https://w.atwiki.jp/altair1/pages/292.html
107,https://w.atwiki.jp/altair1/pages/293.html
108,https://w.atwiki.jp/altair1/pages/294.html
109,https://w.atwiki.jp/altair1/pages/295.html
110,https://w.atwiki.jp/altair1/pages/296.html
111,https://w.atwiki.jp/altair1/pages/297.html
112,https://w.atwiki.jp/altair1/pages/298.html
113,https://w.atwiki.jp/altair1/pages/299.html
114,https://w.atwiki.jp/altair1/pages/300.html
115,https://w.atwiki.jp/altair1/pages/301.html
116,https://w.atwiki.jp/altair1/pages/302.html
117,https://w.atwiki.jp/altair1/pages/303.html
118,https://w.atwiki.jp/altair1/pages/304.html
119,https://w.atwiki.jp/altair1/pages/305.html
120,https://w.atwiki.jp/altair1/pages/306.html
121,https://w.atwiki.jp/altair1/pages/307.html
122,https://w.atwiki.jp/altair1/pages/308.html
123,https://w.atwiki.jp/altair1/pages/309.html
124,https://w.atwiki.jp/altair1/pages/310.html
125,https://w.atwiki.jp/altair1/pages/311.html
126,https://w.atwiki.jp/altair1/pages/312.html
127,https://w.atwiki.jp/altair1/pages/313.html
128,https://w.atwiki.jp/altair1/pages/314.html
129,https://w.atwiki.jp/altair1/pages/315.html
130,https://w.atwiki.jp/altair1/pages/316.html
131,https://w.atwiki.jp/altair1/pages/317.html
132,https://w.atwiki.jp/altair1/pages/318.html
133,https://w.atwiki.jp/altair1/pages/319.html
134,https://w.atwiki.jp/altair1/pages/320.html
135,https://w.atwiki.jp/altair1/pages/321.html
136,https://w.atwiki.jp/altair1/pages/322.html
137,https://w.atwiki.jp/altair1/pages/323.html
138,https://w.atwiki.jp/altair1/pages/324.html
139,https://w.atwiki.jp/altair1/pages/325.html
140,https://w.atwiki.jp/altair1/pages/326.html
141,https://w.atwiki.jp/altair1/pages/327.html
142,https://w.atwiki.jp/altair1/pages/328.html
143,https://w.atwiki.jp/altair1/pages/329.html
144,https://w.atwiki.jp/altair1/pages/330.html
145,https://w.atwiki.jp/altair1/pages/331.html
146,https://w.atwiki.jp/altair1/pages/332.html
147,https://w.atwiki.jp/altair1/pages/333.html
148,https://w.atwiki.jp/altair1/pages/334.html
149,https://w.atwiki.jp/altair1/pages/335.html
150,https://w.atwiki.jp/altair1/pages/336.html
151,https://w.atwiki.jp/altair1/pages/337.html
152,https://w.atwiki.jp/altair1/pages/338.html
153,https://w.atwiki.jp/altair1/pages/339.html
154,https://w.atwiki.jp/altair1/pages/340.html
155,https://w.atwiki.jp/altair1/pages/341.html
156,https://w.atwiki.jp/altair1/pages/342.html
157,https://w.atwiki.jp/altair1/pages/343.html
158,https://w.atwiki.jp/altair1/pages/344.html
159,https://w.atwiki.jp/altair1/pages/345.html
160,https://w.atwiki.jp/altair1/pages/346.html
161,https://w.atwiki.jp/altair1/pages/347.html
162,https://w.atwiki.jp/altair1/pages/348.html
163,https://w.atwiki.jp/altair1/pages/349.html
164,https://w.atwiki.jp/altair1/pages/350.html
165,https://w.atwiki.jp/altair1/pages/351.html
166,https://w.atwiki.jp/altair1/pages/352.html
167,https://w.atwiki.jp/altair1/pages/353.html
168,https://w.atwiki.jp/altair1/pages/354.html
169,https://w.atwiki.jp/altair1/pages/355.html
170,https://w.atwiki.jp/altair1/pages/356.html
171,https://w.atwiki.jp/altair1/pages/357.html
172,https://w.atwiki.jp/altair1/pages/358.html
173,https://w.atwiki.jp/altair1/pages/359.html
174,https://w.atwiki.jp/altair1/pages/360.html
175,https://w.atwiki.jp/altair1/pages/361.html
176,https://w.atwiki.jp/altair1/pages/362.html
177,https://w.atwiki.jp/altair1/pages/363.html
178,https://w.atwiki.jp/altair1/pages/364.html
179,https://w.atwiki.jp/altair1/pages/365.html
180,https://w.atwiki.jp/altair1/pages/366.html
181,https://w.atwiki.jp/altair1/pages/393.html
182,https://w.atwiki.jp/altair1/pages/394.html
183,https://w.atwiki.jp/altair1/pages/395.html
184,https://w.atwiki.jp/altair1/pages/396.html
185,https://w.atwiki.jp/altair1/pages/397.html
186,https://w.atwiki.jp/altair1/pages/398.html
187,https://w.atwiki.jp/altair1/pages/399.html
188,https://w.atwiki.jp/altair1/pages/400.html
189,https://w.atwiki.jp/altair1/pages/401.html
190,https://w.atwiki.jp/altair1/pages/402.html
191,https://w.atwiki.jp/altair1/pages/403.html
192,https://w.atwiki.jp/altair1/pages/404.html
193,https://w.atwiki.jp/altair1/pages/405.html
194,https://w.atwiki.jp/altair1/pages/406.html
195,https://w.atwiki.jp/altair1/pages/407.html
196,https://w.atwiki.jp/altair1/pages/408.html
197,https://w.atwiki.jp/altair1/pages/409.html
198,https://w.atwiki.jp/altair1/pages/410.html
199,https://w.atwiki.jp/altair1/pages/411.html
200,https://w.atwiki.jp/altair1/pages/412.html
201,https://w.atwiki.jp/altair1/pages/413.html
202,https://w.atwiki.jp/altair1/pages/414.html
203,https://w.atwiki.jp/altair1/pages/415.html
204,https://w.atwiki.jp/altair1/pages/416.html
205,https://w.atwiki.jp/altair1/pages/417.html
206,https://w.atwiki.jp/altair1/pages/418.html
207,https://w.atwiki.jp/altair1/pages/419.html
208,https://w.atwiki.jp/altair1/pages/420.html
209,https://w.atwiki.jp/altair1/pages/421.html
210,https://w.atwiki.jp/altair1/pages/422.html
211,https://w.atwiki.jp/altair1/pages/423.html
212,https://w.atwiki.jp/altair1/pages/424.html
213,https://w.atwiki.jp/altair1/pages/425.html
214,https://w.atwiki.jp/altair1/pages/426.html
215,https://w.atwiki.jp/altair1/pages/427.html
216,https://w.atwiki.jp/altair1/pages/428.html
217,https://w.atwiki.jp/altair1/pages/429.html
218,https://w.atwiki.jp/altair1/pages/430.html
219,https://w.atwiki.jp/altair1/pages/431.html
220,https://w.atwiki.jp/altair1/pages/432.html
221,https://w.atwiki.jp/altair1/pages/433.html
222,https://w.atwiki.jp/altair1/pages/434.html
223,https://w.atwiki.jp/altair1/pages/435.html
224,https://w.atwiki.jp/altair1/pages/436.html
225,https://w.atwiki.jp/altair1/pages/437.html
226,https://w.atwiki.jp/altair1/pages/438.html
227,https://w.atwiki.jp/altair1/pages/439.html
228,https://w.atwiki.jp/altair1/pages/440.html
229,https://w.atwiki.jp/altair1/pages/441.html
230,https://w.atwiki.jp/altair1/pages/442.html
231,https://w.atwiki.jp/altair1/pages/443.html
232,https://w.atwiki.jp/altair1/pages/444.html
233,https://w.atwiki.jp/altair1/pages/445.html
234,https://w.atwiki.jp/altair1/pages/446.html
235,https://w.atwiki.jp/altair1/pages/447.html
236,https://w.atwiki.jp/altair1/pages/448.html
237,https://w.atwiki.jp/altair1/pages/449.html
238,https://w.atwiki.jp/altair1/pages/450.html
239,https://w.atwiki.jp/altair1/pages/451.html
240,https://w.atwiki.jp/altair1/pages/453.html
241,https://w.atwiki.jp/altair1/pages/452.html
242,https://w.atwiki.jp/altair1/pages/454.html
243,https://w.atwiki.jp/altair1/pages/455.html
244,https://w.atwiki.jp/altair1/pages/456.html
245,https://w.atwiki.jp/altair1/pages/457.html
246,https://w.atwiki.jp/altair1/pages/458.html
247,https://w.atwiki.jp/altair1/pages/459.html
248,https://w.atwiki.jp/altair1/pages/460.html
249,https://w.atwiki.jp/altair1/pages/461.html
250,https://w.atwiki.jp/altair1/pages/462.html
251,https://w.atwiki.jp/altair1/pages/463.html
252,https://w.atwiki.jp/altair1/pages/464.html
253,https://w.atwiki.jp/altair1/pages/465.html
254,https://w.atwiki.jp/altair1/pages/466.html
255,https://w.atwiki.jp/altair1/pages/467.html
256,https://w.atwiki.jp/altair1/pages/468.html
257,https://w.atwiki.jp/altair1/pages/469.html
258,https://w.atwiki.jp/altair1/pages/470.html
259,https://w.atwiki.jp/altair1/pages/471.html
260,https://w.atwiki.jp/altair1/pages/472.html
261,https://w.atwiki.jp/altair1/pages/473.html
262,https://w.atwiki.jp/altair1/pages/474.html
263,https://w.atwiki.jp/altair1/pages/475.html
264,https://w.atwiki.jp/altair1/pages/476.html
265,https://w.atwiki.jp/altair1/pages/477.html
266,https://w.atwiki.jp/altair1/pages/478.html
267,https://w.atwiki.jp/altair1/pages/479.html
268,https://w.atwiki.jp/altair1/pages/480.html
269,https://w.atwiki.jp/altair1/pages/481.html
270,https://w.atwiki.jp/altair1/pages/482.html
271,https://w.atwiki.jp/altair1/pages/483.html
272,https://w.atwiki.jp/altair1/pages/484.html
273,https://w.atwiki.jp/altair1/pages/485.html
274,https://w.atwiki.jp/altair1/pages/486.html
275,https://w.atwiki.jp/altair1/pages/487.html
276,https://w.atwiki.jp/altair1/pages/488.html
277,https://w.atwiki.jp/altair1/pages/489.html
278,https://w.atwiki.jp/altair1/pages/490.html
279,https://w.atwiki.jp/altair1/pages/491.html
280,https://w.atwiki.jp/altair1/pages/492.html
281,https://w.atwiki.jp/altair1/pages/493.html
282,https://w.atwiki.jp/altair1/pages/494.html
283,https://w.atwiki.jp/altair1/pages/495.html
284,https://w.atwiki.jp/altair1/pages/496.html
285,https://w.atwiki.jp/altair1/pages/497.html
286,https://w.atwiki.jp/altair1/pages/498.html
287,https://w.atwiki.jp/altair1/pages/499.html
288,https://w.atwiki.jp/altair1/pages/500.html
289,https://w.atwiki.jp/altair1/pages/501.html
290,https://w.atwiki.jp/altair1/pages/502.html
291,https://w.atwiki.jp/altair1/pages/503.html
292,https://w.atwiki.jp/altair1/pages/504.html
293,https://w.atwiki.jp/altair1/pages/505.html
294,https://w.atwiki.jp/altair1/pages/507.html
295,https://w.atwiki.jp/altair1/pages/506.html
296,https://w.atwiki.jp/altair1/pages/511.html
297,https://w.atwiki.jp/altair1/pages/510.html
298,https://w.atwiki.jp/altair1/pages/509.html
299,https://w.atwiki.jp/altair1/pages/508.html
300,https://w.atwiki.jp/altair1/pages/512.html
301,https://w.atwiki.jp/altair1/pages/513.html
302,https://w.atwiki.jp/altair1/pages/514.html
303,https://w.atwiki.jp/altair1/pages/515.html
304,https://w.atwiki.jp/altair1/pages/516.html
305,https://w.atwiki.jp/altair1/pages/517.html
306,https://w.atwiki.jp/altair1/pages/528.html
307,https://w.atwiki.jp/altair1/pages/529.html
308,https://w.atwiki.jp/altair1/pages/530.html
309,https://w.atwiki.jp/altair1/pages/531.html
310,https://w.atwiki.jp/altair1/pages/532.html
311,https://w.atwiki.jp/altair1/pages/533.html
312,https://w.atwiki.jp/altair1/pages/534.html
313,https://w.atwiki.jp/altair1/pages/536.html
314,https://w.atwiki.jp/altair1/pages/537.html
315,https://w.atwiki.jp/altair1/pages/538.html
316,https://w.atwiki.jp/altair1/pages/539.html
317,https://w.atwiki.jp/altair1/pages/535.html
318,https://w.atwiki.jp/altair1/pages/540.html
319,https://w.atwiki.jp/altair1/pages/541.html
320,https://w.atwiki.jp/altair1/pages/542.html
321,https://w.atwiki.jp/altair1/pages/543.html
322,https://w.atwiki.jp/altair1/pages/544.html
323,https://w.atwiki.jp/altair1/pages/545.html
324,https://w.atwiki.jp/altair1/pages/546.html
325,https://w.atwiki.jp/altair1/pages/547.html
326,https://w.atwiki.jp/altair1/pages/548.html
327,https://w.atwiki.jp/altair1/pages/549.html
328,https://w.atwiki.jp/altair1/pages/550.html
329,https://w.atwiki.jp/altair1/pages/551.html
330,https://w.atwiki.jp/altair1/pages/552.html
331,https://w.atwiki.jp/altair1/pages/553.html
332,https://w.atwiki.jp/altair1/pages/554.html
333,https://w.atwiki.jp/altair1/pages/555.html
334,https://w.atwiki.jp/altair1/pages/556.html
335,https://w.atwiki.jp/altair1/pages/557.html
336,https://w.atwiki.jp/altair1/pages/558.html
337,https://w.atwiki.jp/altair1/pages/562.html
338,https://w.atwiki.jp/altair1/pages/561.html
339,https://w.atwiki.jp/altair1/pages/559.html
340,https://w.atwiki.jp/altair1/pages/560.html
341,https://w.atwiki.jp/altair1/pages/563.html
342,https://w.atwiki.jp/altair1/pages/564.html
343,https://w.atwiki.jp/altair1/pages/565.html
344,https://w.atwiki.jp/altair1/pages/566.html
345,https://w.atwiki.jp/altair1/pages/567.html
346,https://w.atwiki.jp/altair1/pages/568.html
347,https://w.atwiki.jp/altair1/pages/569.html
348,https://w.atwiki.jp/altair1/pages/570.html
349,https://w.atwiki.jp/altair1/pages/571.html
350,https://w.atwiki.jp/altair1/pages/572.html
351,https://w.atwiki.jp/altair1/pages/518.html
352,https://w.atwiki.jp/altair1/pages/519.html
353,https://w.atwiki.jp/altair1/pages/520.html
354,https://w.atwiki.jp/altair1/pages/521.html
355,https://w.atwiki.jp/altair1/pages/522.html
356,https://w.atwiki.jp/altair1/pages/523.html
357,https://w.atwiki.jp/altair1/pages/524.html
358,https://w.atwiki.jp/altair1/pages/525.html
359,https://w.atwiki.jp/altair1/pages/526.html
360,https://w.atwiki.jp/altair1/pages/527.html
361,https://w.atwiki.jp/altair1/pages/367.html
362,https://w.atwiki.jp/altair1/pages/368.html
363,https://w.atwiki.jp/altair1/pages/369.html
364,https://w.atwiki.jp/altair1/pages/370.html
365,https://w.atwiki.jp/altair1/pages/371.html
366,https://w.atwiki.jp/altair1/pages/372.html
367,https://w.atwiki.jp/altair1/pages/373.html
368,https://w.atwiki.jp/altair1/pages/374.html
369,https://w.atwiki.jp/altair1/pages/375.html
370,https://w.atwiki.jp/altair1/pages/376.html
371,https://w.atwiki.jp/altair1/pages/377.html
372,https://w.atwiki.jp/altair1/pages/378.html
373,https://w.atwiki.jp/altair1/pages/380.html
374,https://w.atwiki.jp/altair1/pages/381.html
375,https://w.atwiki.jp/altair1/pages/379.html
376,https://w.atwiki.jp/altair1/pages/382.html
377,https://w.atwiki.jp/altair1/pages/383.html
378,https://w.atwiki.jp/altair1/pages/384.html
379,https://w.atwiki.jp/altair1/pages/385.html
380,https://w.atwiki.jp/altair1/pages/386.html
381,https://w.atwiki.jp/altair1/pages/387.html
382,https://w.atwiki.jp/altair1/pages/388.html
383,https://w.atwiki.jp/altair1/pages/389.html
384,https://w.atwiki.jp/altair1/pages/390.html
385,https://w.atwiki.jp/altair1/pages/391.html
386,https://w.atwiki.jp/altair1/pages/392.html
